{
  "project_info": {
    "project_number": "228850448503",
    "project_id": "arises-ecf57",
    "storage_bucket": "arises-ecf57.appspot.com"
  },
  "client": [
    {
      "client_info": {
        "mobilesdk_app_id": "1:228850448503:android:22d3264cd2036321146e72",
        "android_client_info": {
          "package_name": "com.arises.knp"
        }
      },
      "oauth_client": [
        {
          "client_id": "228850448503-rv0p3ufb90o4beheburfkiutngj5j9ub.apps.googleusercontent.com",
          "client_type": 3
        }
      ],
      "api_key": [
        {
          "current_key": "AIzaSyDwCH-MGBe1fqzhjkuQcbdE_YDqwdJuz90"
        }
      ],
      "services": {
        "appinvite_service": {
          "other_platform_oauth_client": [
            {
              "client_id": "228850448503-rv0p3ufb90o4beheburfkiutngj5j9ub.apps.googleusercontent.com",
              "client_type": 3
            }
          ]
        }
      }
    }
  ],
  "configuration_version": "1"
}